{
  "variants": {
    "east=false,north=false,south=false,west=false": {
      "model": "block/bars_post"
    },
    "east=false,north=true,south=false,west=false": {
      "model": "block/bars_n"
    },
    "east=true,north=false,south=false,west=false": {
      "model": "block/bars_n",
      "y": 90,
      "uvlock": "true"
    },
    "east=false,north=false,south=true,west=false": {
      "model": "block/bars_n",
      "y": 180,
      "uvlock": "true"
    },
    "east=false,north=false,south=false,west=true": {
      "model": "block/bars_n",
      "y": 270,
      "uvlock": "true"
    },
    "east=true,north=true,south=false,west=false": {
      "model": "block/bars_ne"
    },
    "east=true,north=false,south=true,west=false": {
      "model": "block/bars_ne",
      "y": 90,
      "uvlock": "true"
    },
    "east=false,north=false,south=true,west=true": {
      "model": "block/bars_ne",
      "y": 180,
      "uvlock": "true"
    },
    "east=false,north=true,south=false,west=true": {
      "model": "block/bars_ne",
      "y": 270,
      "uvlock": "true"
    },
    "east=false,north=true,south=true,west=false": {
      "model": "block/bars_ns"
    },
    "east=true,north=false,south=false,west=true": {
      "model": "block/bars_ns",
      "y": 90,
      "uvlock": "true"
    },
    "east=true,north=true,south=true,west=false": {
      "model": "block/bars_nse"
    },
    "east=true,north=false,south=true,west=true": {
      "model": "block/bars_nse",
      "y": 90,
      "uvlock": "true"
    },
    "east=false,north=true,south=true,west=true": {
      "model": "block/bars_nse",
      "y": 180,
      "uvlock": "true"
    },
    "east=true,north=true,south=false,west=true": {
      "model": "block/bars_nse",
      "y": 270,
      "uvlock": "true"
    },
    "east=true,north=true,south=true,west=true": {
      "model": "block/bars_nsew"
    }
  }
}
