{
  "variants": {
    "attached=false,facing=north,powered=false,suspended=false": {
      "model": "block/tripwire_hook"
    },
    "attached=false,facing=south,powered=false,suspended=false": {
      "model": "block/tripwire_hook",
      "y": 180
    },
    "attached=false,facing=west,powered=false,suspended=false": {
      "model": "block/tripwire_hook",
      "y": 270
    },
    "attached=false,facing=east,powered=false,suspended=false": {
      "model": "block/tripwire_hook",
      "y": 90
    },
    "attached=false,facing=north,powered=false,suspended=true": {
      "model": "block/tripwire_hook"
    },
    "attached=false,facing=south,powered=false,suspended=true": {
      "model": "block/tripwire_hook",
      "y": 180
    },
    "attached=false,facing=west,powered=false,suspended=true": {
      "model": "block/tripwire_hook",
      "y": 270
    },
    "attached=false,facing=east,powered=false,suspended=true": {
      "model": "block/tripwire_hook",
      "y": 90
    },
    "attached=true,facing=north,powered=false,suspended=false": {
      "model": "block/tripwire_hook_attached"
    },
    "attached=true,facing=south,powered=false,suspended=false": {
      "model": "block/tripwire_hook_attached",
      "y": 180
    },
    "attached=true,facing=west,powered=false,suspended=false": {
      "model": "block/tripwire_hook_attached",
      "y": 270
    },
    "attached=true,facing=east,powered=false,suspended=false": {
      "model": "block/tripwire_hook_attached",
      "y": 90
    },
    "attached=true,facing=north,powered=false,suspended=true": {
      "model": "block/tripwire_hook_attached"
    },
    "attached=true,facing=south,powered=false,suspended=true": {
      "model": "block/tripwire_hook_attached",
      "y": 180
    },
    "attached=true,facing=west,powered=false,suspended=true": {
      "model": "block/tripwire_hook_attached",
      "y": 270
    },
    "attached=true,facing=east,powered=false,suspended=true": {
      "model": "block/tripwire_hook_attached",
      "y": 90
    },
    "attached=false,facing=north,powered=true,suspended=false": {
      "model": "block/tripwire_hook_powered"
    },
    "attached=false,facing=south,powered=true,suspended=false": {
      "model": "block/tripwire_hook_powered",
      "y": 180
    },
    "attached=false,facing=west,powered=true,suspended=false": {
      "model": "block/tripwire_hook_powered",
      "y": 270
    },
    "attached=false,facing=east,powered=true,suspended=false": {
      "model": "block/tripwire_hook_powered",
      "y": 90
    },
    "attached=false,facing=north,powered=true,suspended=true": {
      "model": "block/tripwire_hook_powered"
    },
    "attached=false,facing=south,powered=true,suspended=true": {
      "model": "block/tripwire_hook_powered",
      "y": 180
    },
    "attached=false,facing=west,powered=true,suspended=true": {
      "model": "block/tripwire_hook_powered",
      "y": 270
    },
    "attached=false,facing=east,powered=true,suspended=true": {
      "model": "block/tripwire_hook_powered",
      "y": 90
    },
    "attached=true,facing=north,powered=true,suspended=false": {
      "model": "block/tripwire_hook_attached_powered"
    },
    "attached=true,facing=south,powered=true,suspended=false": {
      "model": "block/tripwire_hook_attached_powered",
      "y": 180
    },
    "attached=true,facing=west,powered=true,suspended=false": {
      "model": "block/tripwire_hook_attached_powered",
      "y": 270
    },
    "attached=true,facing=east,powered=true,suspended=false": {
      "model": "block/tripwire_hook_attached_powered",
      "y": 90
    },
    "attached=true,facing=north,powered=true,suspended=true": {
      "model": "block/tripwire_hook_attached_powered"
    },
    "attached=true,facing=south,powered=true,suspended=true": {
      "model": "block/tripwire_hook_attached_powered",
      "y": 180
    },
    "attached=true,facing=west,powered=true,suspended=true": {
      "model": "block/tripwire_hook_attached_powered",
      "y": 270
    },
    "attached=true,facing=east,powered=true,suspended=true": {
      "model": "block/tripwire_hook_attached_powered",
      "y": 90
    }
  }
}
