{
  "ambientocclusion": false,
  "textures": {
    "particle": "block/iron_bars",
    "pane": "block/iron_bars",
    "edge": "block/iron_bars_cross"
  },
  "elements": [
    {
      "from": [
        8,
        0,
        0
      ],
      "to": [
        8,
        16,
        9
      ],
      "faces": {
        "west": {
          "uv": [
            0,
            0,
            9,
            16
          ],
          "texture": "#pane"
        },
        "east": {
          "uv": [
            7,
            0,
            16,
            16
          ],
          "texture": "#pane"
        }
      }
    },
    {
      "from": [
        7,
        0,
        9
      ],
      "to": [
        9,
        16,
        9
      ],
      "faces": {
        "north": {
          "uv": [
            7,
            0,
            9,
            16
          ],
          "texture": "#pane"
        },
        "south": {
          "uv": [
            7,
            0,
            9,
            16
          ],
          "texture": "#pane"
        }
      }
    },
    {
      "from": [
        7,
        0,
        0
      ],
      "to": [
        9,
        16,
        0
      ],
      "faces": {
        "north": {
          "uv": [
            7,
            0,
            9,
            16
          ],
          "texture": "#edge",
          "cullface": "north"
        }
      }
    },
    {
      "from": [
        7,
        0.001,
        0
      ],
      "to": [
        9,
        0.001,
        9
      ],
      "faces": {
        "up": {
          "uv": [
            7,
            0,
            9,
            9
          ],
          "texture": "#edge"
        },
        "down": {
          "uv": [
            7,
            0,
            9,
            9
          ],
          "texture": "#edge"
        }
      }
    },
    {
      "from": [
        7,
        15.999,
        0
      ],
      "to": [
        9,
        15.999,
        9
      ],
      "faces": {
        "up": {
          "uv": [
            7,
            0,
            9,
            9
          ],
          "texture": "#edge"
        },
        "down": {
          "uv": [
            7,
            0,
            9,
            9
          ],
          "texture": "#edge"
        }
      }
    }
  ]
}
