{
  "ambientocclusion": false,
  "textures": {
    "particle": "block/redstone_dust_dot",
    "line": "block/redstone_nsew",
    "up": "block/redstone_ns"
  },
  "elements": [
    {
      "from": [
        0,
        0.25,
        0
      ],
      "to": [
        16,
        0.25,
        16
      ],
      "shade": false,
      "faces": {
        "up": {
          "uv": [
            0,
            0,
            16,
            16
          ],
          "texture": "#line",
          "tintindex": 0
        }
      }
    },
    {
      "from": [
        0,
        0,
        0.25
      ],
      "to": [
        16,
        16,
        0.25
      ],
      "shade": false,
      "faces": {
        "south": {
          "uv": [
            0,
            0,
            16,
            16
          ],
          "texture": "#up",
          "tintindex": 0
        }
      }
    },
    {
      "from": [
        0,
        0,
        15.75
      ],
      "to": [
        16,
        16,
        15.75
      ],
      "shade": false,
      "faces": {
        "north": {
          "uv": [
            0,
            0,
            16,
            16
          ],
          "texture": "#up",
          "tintindex": 0
        }
      }
    },
    {
      "from": [
        0.25,
        0,
        0
      ],
      "to": [
        0.25,
        16,
        16
      ],
      "shade": false,
      "faces": {
        "east": {
          "uv": [
            0,
            0,
            16,
            16
          ],
          "texture": "#up",
          "tintindex": 0
        }
      }
    }
  ]
}
