{
  "ambientocclusion": false,
  "textures": {
    "particle": "block/redstone_dust_dot",
    "line": "block/redstone_sw",
    "up": "block/redstone_ns"
  },
  "elements": [
    {
      "from": [
        0,
        0.25,
        0
      ],
      "to": [
        16,
        0.25,
        16
      ],
      "shade": false,
      "faces": {
        "up": {
          "uv": [
            0,
            0,
            16,
            16
          ],
          "texture": "#line",
          "tintindex": 0
        }
      }
    }
  ]
}
